<?xml version="1.0" encoding="ISO-8859-15"?>
<uc-export clientvers="10.0.2+hf.3.build.746">
<JOBS_WINDOWS AttrType="WINDOWS" client="0500" name="JOBS.WIN.REMOVE_OLD_FILES" system="UC4">
<XHEADER state="1">
<Title/>
<Created>Release Manager on: 2015-05-16 01:20:06</Created>
<Modified>Release Manager on: 2015-05-16 01:37:12      26 x</Modified>
<LastUsed/>
<ArchiveKey1/>
<ArchiveKey2/>
<ExtRepDef>1</ExtRepDef>
<ExtRepAll>0</ExtRepAll>
<ExtRepNone>0</ExtRepNone>
<Active>1</Active>
<OH_SubType/>
</XHEADER>
<OUTPUTREG state="1" tidy="1">
<FileReg/>
</OUTPUTREG>
<SYNCREF state="1">
<Syncs/>
</SYNCREF>
<ATTR_JOBS state="1">
<Queue>CLIENT_QUEUE</Queue>
<StartType/>
<HostDst>WINDOWS|BUILDSERVER|HOST</HostDst>
<HostATTR_Type>WINDOWS</HostATTR_Type>
<CodeName/>
<Login>BUILDSERVER.LOGIN</Login>
<IntAccount/>
<AutoDeactNo>0</AutoDeactNo>
<AutoDeact1ErrorFree>0</AutoDeact1ErrorFree>
<AutoDeactErrorFree>0</AutoDeactErrorFree>
<DeactWhen/>
<DeactDelay>0</DeactDelay>
<AutoDeactAlways>1</AutoDeactAlways>
<AttDialog>0</AttDialog>
<ActAtRun>0</ActAtRun>
<Consumption>0</Consumption>
<UC4Priority>0</UC4Priority>
<MaxParallel2>0</MaxParallel2>
<MpElse1>1</MpElse1>
<MpElse2>0</MpElse2>
<TZ/>
</ATTR_JOBS>
<ATTR_WINDOWS state="1">
<OutputDb>1</OutputDb>
<OutputDbErr>0</OutputDbErr>
<OutputFile>0</OutputFile>
<IsGenerated>0</IsGenerated>
<BAT>1</BAT>
<COM>0</COM>
<WinBatch>0</WinBatch>
<Standard>1</Standard>
<Minimized>0</Minimized>
<Maximized>0</Maximized>
<JObjDefault>1</JObjDefault>
<JObjYes>0</JObjYes>
<JObjNo>0</JObjNo>
<WorkingDirectory>c:\</WorkingDirectory>
<Command/>
<LogOn>0</LogOn>
<ShowJob>0</ShowJob>
</ATTR_WINDOWS>
<RUNTIME state="1">
<MaxRetCode>0</MaxRetCode>
<MrcExecute/>
<MrcElseE>0</MrcElseE>
<FcstStatus>0| </FcstStatus>
<Ert>1</Ert>
<ErtMethodDef>1</ErtMethodDef>
<ErtMethodFix>0</ErtMethodFix>
<ErtFix>0</ErtFix>
<ErtDynMethod>2|Average</ErtDynMethod>
<ErtMethodDyn>0</ErtMethodDyn>
<ErtCnt>0</ErtCnt>
<ErtCorr>0</ErtCorr>
<ErtIgn>0</ErtIgn>
<ErtIgnFlg>0</ErtIgnFlg>
<ErtMinCnt>0</ErtMinCnt>
<MrtMethodNone>1</MrtMethodNone>
<MrtMethodFix>0</MrtMethodFix>
<MrtFix>0</MrtFix>
<MrtMethodErt>0</MrtMethodErt>
<MrtErt>0</MrtErt>
<MrtMethodDate>0</MrtMethodDate>
<MrtDays>0</MrtDays>
<MrtTime>00:00</MrtTime>
<MrtTZ/>
<SrtMethodNone>1</SrtMethodNone>
<SrtMethodFix>0</SrtMethodFix>
<SrtFix>0</SrtFix>
<SrtMethodErt>0</SrtMethodErt>
<SrtErt>0</SrtErt>
<MrtCancel>0</MrtCancel>
<MrtExecute>0</MrtExecute>
<MrtExecuteObj/>
</RUNTIME>
<DYNVALUES state="1">
<dyntree>
<node content="1" id="VALUE" name="Variables" parent="" type="VALUE">
<VALUE state="1">
<Values/>
<Mode>0</Mode>
</VALUE>
</node>
</dyntree>
</DYNVALUES>
<ROLLBACK state="1" tidy="1">
<RollbackFlag>0</RollbackFlag>
<CBackupObj/>
<CRollbackObj/>
<FBackupPath/>
<FDeleteBefore>0</FDeleteBefore>
<FInclSubDirs>0</FInclSubDirs>
</ROLLBACK>
<PRE_SCRIPT mode="1" replacementmode="1" state="1" tidy="1">
<PSCRI/>
</PRE_SCRIPT>
<SCRIPT mode="1" state="1" tidy="0">
<MSCRI><![CDATA[:PUT_ATT MAX_JCL_LINES = 1000
! ####################### SETUP SECTION  ###############################
!
! Set maximum age of the files
:SET &AGE# = '30'
! Set Folder to clean
:SET &FOLDER# = "C:\uc4\Utility\Temp"
! Define the format of the date returned in the DIR command - check by executing dir manually
:SET &DIR_DATE_FORMAT# = "MM/DD/YYYY"
! Simulate flag - change to actually delete the files
:SET &SIMULATE# = "Y"
!
! ------------------------- Logic Section ------------------------------
:SET &TODAY# = SYS_DATE('YYYYMMDD')
:SET &OLD# = SUB_DAYS('YYYYMMDD:&TODAY#', &AGE#)
:SET &HOST# = GET_ATT(HOST)
:SET &LOGIN# = GET_ATT(LOGIN)
:SET &HND_1# = PREP_PROCESS("&HOST#", "WINCMD", "*.*", "CMD=DIR /A-D &FOLDER#", "UC_LOGIN=&LOGIN#")
:PROCESS &HND_1#
:  SET &LINE# = GET_PROCESS_LINE(&HND_1#)
:  IF STR_FIND(&LINE#, "Volume")= 0
:    SET &FILEDATE# = SUBSTR(&LINE#, 1, 10)
:    SET &FILEDATE# = CONV_DATE('&DIR_DATE_FORMAT#:&FILEDATE#', 'YYYYMMDD')
:    IF &FILEDATE# < &OLD#
:      SET &FILENAME# = SUBSTR(&LINE#, 40)
:      IF &SIMULATE# = "Y"
:        DATA @echo Simulate: DEL &FOLDER#\&FILENAME#
:      ELSE
:        DATA DEL &FOLDER#\&FILENAME#
:      ENDIF
:    ENDIF
:  ENDIF
:ENDPROCESS
! ########################################################################]]></MSCRI>
</SCRIPT>
<OUTPUTSCAN state="1">
<Inherit>N</Inherit>
<filterobjects/>
<HostFsc/>
<LoginFsc/>
</OUTPUTSCAN>
<POST_SCRIPT mode="1" replacementmode="1" state="1" tidy="1">
<OSCRI/>
</POST_SCRIPT>
<DOCU_Docu state="1" type="text">
<DOC/>
</DOCU_Docu>
</JOBS_WINDOWS>
</uc-export>
